resi1,prot1,resi2,prot2,dist
115,chain_A,47,chain_B,28.9515438079834
184,chain_A,47,chain_B,15.15233325958252
184,chain_A,51,chain_B,21.61510467529297
184,chain_A,125,chain_B,23.237592697143555
184,chain_A,158,chain_B,12.02430248260498
764,chain_A,60,chain_B,28.780500411987305
764,chain_A,63,chain_B,24.37809181213379
764,chain_A,99,chain_B,9.226078033447266
764,chain_A,125,chain_B,19.704910278320312
