resi1,prot1,resi2,prot2,dist
115,chain_A,47,chain_B,63.90602111816406
184,chain_A,47,chain_B,59.102073669433594
184,chain_A,51,chain_B,53.30690002441406
184,chain_A,125,chain_B,35.99584197998047
184,chain_A,158,chain_B,55.68464279174805
764,chain_A,60,chain_B,32.766258239746094
764,chain_A,63,chain_B,34.792457580566406
764,chain_A,99,chain_B,28.937837600708008
764,chain_A,125,chain_B,33.13138961791992
