resi1,prot1,resi2,prot2,dist
115,chain_A,47,chain_B,71.02985382080078
184,chain_A,47,chain_B,61.54924392700195
184,chain_A,51,chain_B,51.46609115600586
184,chain_A,125,chain_B,38.812618255615234
184,chain_A,158,chain_B,58.9234733581543
764,chain_A,60,chain_B,32.32411575317383
764,chain_A,63,chain_B,34.41704177856445
764,chain_A,99,chain_B,31.808916091918945
764,chain_A,125,chain_B,34.161563873291016
