resi1,prot1,resi2,prot2,dist
1,chain_A,449,chain_B,32.11031723022461
104,chain_A,347,chain_B,34.238807678222656
31,chain_A,81,chain_B,29.102941513061523
37,chain_A,141,chain_B,30.852258682250977
104,chain_A,316,chain_B,31.336423873901367
31,chain_A,449,chain_B,31.308364868164062
