resi1,prot1,resi2,prot2,dist
764,chain_A,60,chain_B,32.32411575317383
764,chain_A,63,chain_B,34.41704177856445
764,chain_A,99,chain_B,31.808916091918945
764,chain_A,125,chain_B,34.161563873291016
