resi1,prot1,resi2,prot2,dist
764,chain_A,60,chain_B,28.780500411987305
764,chain_A,63,chain_B,24.37809181213379
764,chain_A,99,chain_B,9.226078033447266
764,chain_A,125,chain_B,19.704910278320312
