prot1,resi1,prot2,resi2,dist
chain_B,60,chain_B,63,6.429916858673096
chain_B,60,chain_B,99,20.206945419311523
chain_B,63,chain_B,99,16.783647537231445
