prot1,resi1,prot2,resi2,dist
chain_B,60,chain_B,63,5.326634883880615
chain_B,60,chain_B,99,19.788246154785156
chain_B,63,chain_B,99,16.708524703979492
