prot1,resi1,prot2,resi2,dist
chain_B,141,chain_B,254,18.962923049926758
chain_B,141,chain_B,290,32.216575622558594
chain_B,141,chain_B,316,29.37757110595703
chain_B,141,chain_B,347,39.417518615722656
chain_B,141,chain_B,449,42.60707473754883
chain_B,141,chain_B,81,17.038236618041992
chain_B,254,chain_B,290,24.638771057128906
chain_B,254,chain_B,316,19.515941619873047
chain_B,254,chain_B,347,29.557584762573242
chain_B,254,chain_B,449,37.12602996826172
chain_B,254,chain_B,81,33.30418014526367
chain_B,290,chain_B,316,9.904072761535645
chain_B,290,chain_B,347,12.453190803527832
chain_B,290,chain_B,449,40.344017028808594
chain_B,290,chain_B,81,48.22007751464844
chain_B,316,chain_B,347,10.47101879119873
chain_B,316,chain_B,449,31.148405075073242
chain_B,316,chain_B,81,44.2097053527832
chain_B,347,chain_B,449,32.9151725769043
chain_B,347,chain_B,81,53.83598327636719
chain_B,449,chain_B,81,47.731971740722656
